Video_URL,Duration_Seconds,Total_Words,WPM,Filler_Word_Ratio,Instructional_Density,Dominant_Emotion,LLM_Commentary
https://youtu.be/dJliorOTMAY?si=gNMab0kCzjS-sjOz,687.0,2198,191.97,1.59,3.69,neutral,"Here is an assessment of the YouTube hair-styling tutorial creator's verbal communication skills:

---

1.  **Speech Pace (WPM)** — rated **6/10**
    The creator's speech pace of 191.97 WPM is significantly above the ideal range (120–160 WPM), bordering on rushed. While this allows for a high volume of information to be conveyed, it can make it challenging for viewers to fully absorb and process the instructions, particularly for a topic requiring careful attention to detail. For instance, the rapid delivery of points like ""If your hair is curly or coily, it is better to use your fingers or a wide tooth comb to avoid breakage. Since curly and coily hair is more prone to dry dryness, spritzing it with a bit of water or light leave in conditioner can help add moisture and refresh your curls"" could overwhelm some learners. A slightly slower, more deliberate pace would enhance comprehension and allow key points to resonate more effectively.

2.  **Linguistic Clarity (Filler Ratio)** — rated **10/10**
    With an excellent filler word ratio of 1.59%, the creator demonstrates exceptional linguistic clarity. The speech is remarkably free of distracting ""um,"" ""uh,"" or ""like"" sounds, indicating a well-prepared script and confident delivery. This precision contributes significantly to a professional and focused presentation, ensuring that the audience's attention remains on the valuable content. Phrases such as ""No unnecessary products, no over complicated steps. Just what you need to keep your hair looking its best"" exemplify this direct and unambiguous communication style.

3.  **Instructional Structure (Density)** — rated **7/10**
    The instructional density of 3.69% places the content in the moderate range, indicating a structured but not intensely prescriptive approach. The creator effectively uses numbering (e.g., ""Number one Imagine you have all the hair products..."", ""Number two is the most important thing..."") to organize information logically, which is a strong structural asset. The clear categorization of hair types (""Straight, wavy, curly and coily. Each type has its unique characteristics and needs"") also aids in structuring complex information. However, the density could be higher by integrating more direct, action-oriented commands rather than descriptive explanations, particularly in sections detailing specific steps.

4.  **Emotional Tone & Engagement** — rated **6/10**
    The dominant ""neutral"" emotional tone, while professional and suitable for factual instruction, suggests a missed opportunity for enhanced viewer engagement. The creator attempts to connect by acknowledging common viewer pain points (""Most guys don't want to spend too much time on their hair. And I get it""), which is a good start. However, the overall delivery lacks significant vocal variation or overt enthusiasm that could make the content more captivating. For example, the ""quick announcement"" about roasting hairstyles, while an engaging concept, is delivered with a largely neutral tone, which could be elevated with more dynamic vocal expression to build excitement.

5.  **Overall Communication Score: 7/10**

6.  **Key Recommendations**
    *   **Moderate Speech Pace:** Consciously aim to reduce the WPM to the 140-160 range. This can be achieved by incorporating brief, intentional pauses after key instructional points or before transitioning to a new topic, allowing viewers more time to process information.
    *   **Increase Instructional Directness:** While well-structured, integrate more explicit ""do this, then that"" commands and action verbs, particularly when describing hair care steps. This will elevate the"
https://youtu.be/hI0KiAK_HrQ?si=N4bxxo0-WjlU_6g9,1024.0,2741,160.61,2.88,4.3,neutral,"Here is an assessment of the creator's verbal communication skills:

1.  **Speech Pace (WPM)** — rated 7/10
    The creator maintains a brisk pace of 160.61 WPM, which is at the upper end of the ideal range. This allows for efficient delivery of a significant amount of information, as evidenced by the comprehensive introduction of ""Our five cutting techniques"" and ""the five areas of the head"" early in the video. However, for a ""Haircutting 101"" tutorial aimed at potentially novice learners, this pace occasionally borders on rushed, particularly when introducing multiple new concepts in quick succession, such as ""Graduation is an elevation of anywhere in this area, and layers are an elevation of anywhere in this area."" Strategic pauses could enhance comprehension for complex technical definitions.

2.  **Linguistic Clarity (Filler Ratio)** — rated 9/10
    With a remarkably low filler word ratio of 2.88%, the creator demonstrates excellent linguistic clarity and preparedness. The delivery is direct and concise, minimizing distractions and maintaining focus on the instructional content. Phrases like ""The reason this is so important is because the more damp the hair is, the more it stretches..."" are delivered without hesitation or unnecessary verbal padding, indicating a confident grasp of the subject matter and a well-structured script or mental outline. This contributes significantly to the professional feel of the tutorial.

3.  **Instructional Structure (Density)** — rated 8/10
    The creator employs a moderate instructional density (4.3%), characterized by a clear and logical progression. The tutorial effectively structures content by first defining foundational concepts (""Our five cutting techniques,"" ""the five areas of the head""), then explaining key considerations (""elevation,"" ""over direction,"" ""moisture level""), before transitioning into practical application (""Now I'm going to be taking you through"
https://youtu.be/IRYOU5Nx10c?si=Bf77xL94ReOOdrB-,299.0,615,123.41,4.07,6.83,neutral,"Here is an assessment of the YouTube hair-styling tutorial creator's verbal communication skills:

1.  **Speech Pace (WPM)** — rated 9/10
    The creator maintains an ideal speech pace of 123.41 WPM, falling comfortably within the benchmark range of 120–160 WPM. This pace supports clear comprehension, allowing viewers sufficient time to process instructions without feeling rushed or experiencing significant lulls. The delivery feels natural and unhurried, which is a significant strength for instructional content.

2.  **Linguistic Clarity (Filler Ratio)** — rated 7/10
    With a filler word ratio of 4.07%, the creator's clarity is acceptable, though it sits at the higher end of the 2–5% benchmark. While not overtly distracting, the frequent use of ""so"" and ""actually"" can occasionally dilute the directness of the message. For instance, phrases like ""So blow drying techniques..."" or ""So when you blow dry your hair, also go with the hair..."" often initiate sentences without adding substantive meaning. Similarly, ""you know, in real life"" serves as a classic conversational filler. Reducing these instances would enhance conciseness and sharpen the instructional focus.

3.  **Instructional Structure (Density)** — rated 8/10
    The instructional density of 6.83% indicates a moderately structured approach, leaning towards highly structured content. The creator effectively breaks down the process into logical steps, providing actionable advice. Examples include ""Start with the roots first and make your way down"" and ""Make sure the air of the dryer is facing downward."" The progression from drying roots to sections and then to the front part of the hair demonstrates a clear sequence. However, while the structure is present, more explicit verbal signposting for transitions between major steps could further enhance clarity for the learner.

4.  **Emotional Tone & Engagement** — rated 6/10
    The dominant emotional tone is classified as ""neutral,"" which contributes to a professional and informative delivery. The creator offers helpful advice and warnings, such as ""Don't be afraid to use your hand and go through your hair as much as possible"" and ""Don't forget that the dryer is hot."" This demonstrates a foundational level of care and guidance. However, the consistent neutrality, while authoritative, could benefit from more varied vocal intonation or expressions of enthusiasm to heighten viewer engagement and make the tutorial feel more dynamic and less purely didactic.

5.  **Overall Communication Score: 7.5/10**

6.  **Key Recommendations**
    *   **Minimize Filler Words:** Actively reduce"
